<?xml version="1.0" encoding="UTF-8" standalone="yes"?>
<addon id="plugin.video.shura.tv"
       name="Shura.TV"
       version="1.2.0"
       provider-name="AKGDRG">
  <requires>
    <import addon="xbmc.python" version="2.1.0"/>
  </requires>
  <extension point="xbmc.python.pluginsource"
             provides="video"
             library="default.py">
    <provides>video</provides>
  </extension>
  <extension point="xbmc.addon.metadata">
	<platform>all</platform>
    <license>GPL 2.0</license>
    <summary>Онлайн-телевидение SHURA.TV</summary>
    <description>Онлайн-телевидение SHURA.TV: 100 русскоязычных каналов от 0 евро в месяц. EPG + Aрхив</description>
  </extension>
</addon>
